{
    "avg_processing_time": 60.104613029956816,
    "total_inferences": 16,
    "inferences_by_type": {
        "1": 10,
        "2": 1,
        "3": 2,
        "4": 3
    },
    "pending_processes": 0,
    "pending_by_type": {
        "1": 0,
        "2": 0,
        "3": 0,
        "4": 0
    },
    "failed_processes": 19,
    "failed_by_type": {
        "1": 14,
        "2": 1,
        "3": 2,
        "4": 2
    },
    "processing_times": [
        90.11186361312866,
        90.11186361312866,
        0.09011186361312866
    ]
}