{
    "avg_processing_time": 49.675336718559265,
    "total_inferences": 2,
    "inferences_by_type": {
        "1": 1,
        "2": 0,
        "3": 1,
        "4": 0
    },
    "pending_processes": 0,
    "pending_by_type": {
        "1": 0,
        "2": 0,
        "3": 0,
        "4": 0
    },
    "failed_processes": 14,
    "failed_by_type": {
        "1": 11,
        "2": 1,
        "3": 2,
        "4": 0
    },
    "processing_times": [
        46.65503478050232,
        52.69563865661621
    ]
}